date,close,volume,open,high,low,symbol
2023-04-21,106.96,86652650,106.1,108.15,105.08,AMZN
2023-04-20,103.81,57696870,103.53,105.25,103.21,AMZN
2023-04-19,104.3,58398890,101.58,105.12,101.39,AMZN
2023-04-18,102.3,39790520,103.95,104.2,101.52,AMZN
2023-04-17,102.74,39919460,103.16,103.73,101.59,AMZN
2023-04-14,102.51,51450520,102.07,103.2013,101.11,AMZN
2023-04-13,102.4,67925140,98.95,102.57,98.71,AMZN
2023-04-12,97.83,56735010,100.4,100.51,97.705,AMZN
2023-04-11,99.92,60417850,100.8,101.0,99.01,AMZN
2023-04-10,102.17,37261190,100.96,102.2,99.57,AMZN
2023-04-06,102.06,43808020,100.75,102.3817,99.8008,AMZN
2023-04-05,101.1,45175390,103.91,103.91,100.7506,AMZN
2023-04-04,103.95,48662500,102.75,104.2,102.11,AMZN
2023-04-03,102.41,41135730,102.3,103.29,101.43,AMZN
2023-03-31,103.29,56750320,102.16,103.49,101.95,AMZN
2023-03-30,102.0,53633400,101.55,103.04,101.01,AMZN
2023-03-29,100.25,49783280,98.69,100.4218,98.56,AMZN
2023-03-28,97.24,38720050,98.11,98.44,96.29,AMZN
2023-03-27,98.04,46721300,99.07,99.34,97.08,AMZN
2023-03-24,98.13,56144800,98.065,98.3,96.4,AMZN
2023-03-23,98.71,57559310,100.43,101.06,97.62,AMZN
2023-03-22,98.7,57475370,100.45,102.1,98.61,AMZN
2023-03-21,100.61,58597280,98.14,100.845,98.0,AMZN
2023-03-20,97.71,62388910,98.41,98.48,95.7,AMZN
2023-03-17,98.95,87300240,99.79,100.66,97.455,AMZN
2023-03-16,100.04,84558930,95.75,100.99,95.61,AMZN
2023-03-15,96.2,70731790,93.22,96.67,93.07,AMZN
2023-03-14,94.88,60912670,93.83,95.07,92.71,AMZN
2023-03-13,92.43,72397050,89.97,94.02,88.12,AMZN
2023-03-10,90.73,69827490,92.67,93.57,90.245,AMZN
2023-03-09,92.25,56218710,93.68,96.21,92.18,AMZN
2023-03-08,93.92,44899130,93.6,94.165,92.18,AMZN
2023-03-07,93.55,49100670,94.06,95.09,92.78,AMZN
2023-03-06,93.75,52112360,95.19,96.545,93.74,AMZN
2023-03-03,94.9,55759610,92.74,94.94,92.66,AMZN
2023-03-02,92.13,55574820,91.41,92.23,90.39,AMZN
2023-03-01,92.17,52299520,93.87,94.68,91.59,AMZN
2023-02-28,94.23,43959290,93.14,94.69,92.92,AMZN
2023-02-27,93.76,47470320,94.28,94.78,93.14,AMZN
2023-02-24,93.5,57053810,93.53,94.14,92.3186,AMZN
2023-02-23,95.82,48466990,96.12,96.43,93.67,AMZN
2023-02-22,95.79,59534090,95.1,97.01,94.8,AMZN
2023-02-21,94.58,56580360,95.335,95.605,94.27,AMZN
2023-02-17,97.2,60029410,97.8,97.94,95.65,AMZN
2023-02-16,98.15,56339170,99.21,100.63,98.1,AMZN
2023-02-15,101.16,48053880,99.09,101.17,98.45,AMZN
2023-02-14,99.7,56202900,98.41,100.9207,97.52,AMZN
2023-02-13,99.54,52841460,97.85,99.68,96.91,AMZN
2023-02-10,97.61,52740130,97.56,98.8163,96.23,AMZN
2023-02-09,98.24,64622490,101.32,101.78,97.57,AMZN
2023-02-08,100.05,75878300,102.04,102.6699,98.775,AMZN
2023-02-07,102.11,119501300,101.17,102.41,98.08,AMZN
2023-02-06,102.18,81945200,102.925,103.9484,100.65,AMZN
2023-02-03,103.39,144374800,105.26,108.78,102.52,AMZN
2023-02-02,112.91,158154200,110.245,114.0,108.88,AMZN
2023-02-01,105.15,80450120,102.53,106.24,101.24,AMZN
2023-01-31,103.13,66527250,101.155,103.3484,101.14,AMZN
2023-01-30,100.55,70691860,101.09,101.74,99.01,AMZN
2023-01-27,102.24,87775610,99.53,103.485,99.53,AMZN
2023-01-26,99.22,68523560,98.235,99.49,96.92,AMZN
2023-01-25,97.18,94261570,92.56,97.24,91.52,AMZN
2023-01-24,96.32,66929450,96.93,98.09,96.0,AMZN
2023-01-23,97.52,76501100,97.56,97.78,95.86,AMZN
2023-01-20,97.25,67481540,93.86,97.354,93.2025,AMZN
2023-01-19,93.68,69002660,94.74,95.44,92.86,AMZN
2023-01-18,95.46,79570370,97.25,99.32,95.38,AMZN
2023-01-17,96.05,72755000,98.68,98.89,95.73,AMZN
2023-01-13,98.12,85549430,94.18,98.37,94.12,AMZN
2023-01-12,95.27,85254780,96.93,97.19,93.5,AMZN
2023-01-11,95.09,103126200,90.93,95.26,90.93,AMZN
2023-01-10,89.87,67756600,87.57,90.185,87.29,AMZN
2023-01-09,87.36,65266060,87.46,89.48,87.08,AMZN
2023-01-06,86.08,83303360,83.03,86.4,81.43,AMZN
2023-01-05,83.12,67930830,85.33,85.42,83.07,AMZN
2023-01-04,85.14,68885120,86.55,86.98,83.36,AMZN
2023-01-03,85.82,76706040,85.46,86.96,84.205,AMZN
2022-12-30,84.0,62401190,83.12,84.05,82.47,AMZN
2022-12-29,84.18,54995900,82.87,84.55,82.55,AMZN
2022-12-28,81.82,58228580,82.8,83.48,81.69,AMZN
2022-12-27,83.04,57284040,84.97,85.35,83.0,AMZN
2022-12-23,85.25,57433660,83.25,85.78,82.9344,AMZN
2022-12-22,83.79,81431310,85.52,85.68,82.25,AMZN
2022-12-21,86.77,59267160,86.175,87.225,85.21,AMZN
2022-12-20,85.19,74348300,85.33,86.61,84.33,AMZN
2022-12-19,84.92,83531460,87.51,87.63,84.51,AMZN
2022-12-16,87.86,146144100,88.265,89.35,86.73,AMZN
2022-12-15,88.45,84802880,89.89,89.97,87.47,AMZN
2022-12-14,91.58,70298010,92.502,93.4581,89.87,AMZN
2022-12-13,92.49,100212000,95.23,96.25,90.52,AMZN
2022-12-12,90.55,61999760,89.21,90.58,87.87,AMZN
2022-12-09,89.09,67398510,88.9,90.3,88.63,AMZN
2022-12-08,90.35,73305890,89.24,90.86,87.88,AMZN
2022-12-07,88.46,68086880,88.34,89.89,87.48,AMZN
2022-12-06,88.25,75503630,90.5,91.04,87.9,AMZN
2022-12-05,91.01,71535530,93.05,94.06,90.82,AMZN
2022-12-02,94.13,72496390,94.475,95.36,93.78,AMZN
2022-12-01,95.5,68487970,96.99,97.23,94.92,AMZN
2022-11-30,96.54,102805800,92.47,96.54,91.525,AMZN
2022-11-29,92.42,65567290,94.04,94.41,91.44,AMZN
2022-11-28,93.95,75062320,93.93,96.4,93.43,AMZN
2022-11-25,93.41,35088610,93.79,94.43,93.065,AMZN
2022-11-23,94.13,59414680,93.24,94.58,92.83,AMZN
2022-11-22,93.2,62191960,92.62,93.35,90.87,AMZN
2022-11-21,92.46,84330270,93.97,95.02,90.59,AMZN
2022-11-18,94.14,72428190,95.95,95.99,92.48,AMZN
2022-11-17,94.85,82617870,95.37,96.97,94.03,AMZN
2022-11-16,97.12,87958830,96.85,98.4879,95.54,AMZN
2022-11-15,98.94,111336300,103.21,103.79,97.34,AMZN
2022-11-14,98.49,99533070,98.77,100.1199,97.29,AMZN
2022-11-11,100.79,111590500,97.88,101.19,96.66,AMZN
2022-11-10,96.63,173414900,92.935,98.69,91.65,AMZN
2022-11-09,86.14,90796250,89.47,89.48,85.87,AMZN
2022-11-08,89.98,88703370,90.79,91.72,88.23,AMZN
2022-11-07,90.53,77495730,91.95,92.1,89.04,AMZN
2022-11-04,90.98,129101300,91.49,92.44,88.04,AMZN
2022-11-03,89.3,136683300,92.47,93.5,89.02,AMZN
2022-11-02,92.12,135761800,97.315,97.74,92.01,AMZN
2022-11-01,96.79,153370000,103.99,104.58,96.06,AMZN
2022-10-31,102.44,99251400,103.56,104.87,100.74,AMZN
2022-10-28,103.41,223133400,97.905,103.96,97.66,AMZN
2022-10-27,110.96,129605400,113.92,114.12,109.77,AMZN
2022-10-26,115.66,69002460,116.0,119.3457,114.76,AMZN
2022-10-25,120.6,50934610,119.65,121.3152,118.95,AMZN
2022-10-24,119.82,49531520,119.98,120.39,116.57,AMZN
2022-10-21,119.32,55660490,114.792,119.59,114.5,AMZN
2022-10-20,115.25,48795100,113.83,118.24,113.51,AMZN
2022-10-19,115.07,47198120,114.71,116.5932,113.22,AMZN
2022-10-18,116.36,65607450,119.06,119.52,114.79,AMZN
2022-10-17,113.79,62781990,110.11,114.19,110.09,AMZN
2022-10-14,106.9,67737340,114.1,114.96,106.6,AMZN
2022-10-13,112.53,86868100,107.88,113.44,105.345,AMZN
2022-10-12,112.9,45728660,112.49,113.83,111.4,AMZN
2022-10-11,112.21,56432230,112.71,115.48,110.39,AMZN
2022-10-10,113.67,42339680,115.1,116.25,112.43,AMZN
2022-10-07,114.56,54677980,118.0,118.17,113.88,AMZN
2022-10-06,120.3,42253760,120.77,121.53,119.5,AMZN
2022-10-05,120.95,48217540,118.58,121.75,117.69,AMZN
2022-10-04,121.09,62812560,119.89,123.0,119.79,AMZN
2022-10-03,115.88,50941850,113.58,116.91,112.45,AMZN
2022-09-30,113.0,59479590,114.075,116.92,112.84,AMZN
2022-09-29,114.8,58969710,115.6,116.07,113.06,AMZN
2022-09-28,118.01,55763750,114.38,118.7,113.8,AMZN
2022-09-27,114.41,60094690,117.195,118.32,113.05,AMZN
2022-09-26,115.15,62723270,113.295,117.34,113.13,AMZN
2022-09-23,113.78,65126670,116.0,116.05,112.06,AMZN
2022-09-22,117.31,55229190,117.08,118.79,116.26,AMZN
2022-09-21,118.54,58498890,122.49,123.76,118.45,AMZN
2022-09-20,122.19,47698430,123.35,124.3963,121.14,AMZN
2022-09-19,124.66,47279730,122.16,124.71,121.8,AMZN
2022-09-16,123.53,115667800,122.78,123.87,120.7,AMZN
2022-09-15,126.28,52887200,127.38,130.37,125.495,AMZN
2022-09-14,128.55,45316770,127.364,128.84,126.33,AMZN
2022-09-13,126.82,72694010,131.01,131.4,126.27,AMZN
2022-09-12,136.45,53826860,134.095,136.49,134.0,AMZN
2022-09-09,133.27,49422260,130.91,133.69,130.76,AMZN
2022-09-08,129.82,43988510,127.72,130.28,127.1,AMZN
2022-09-07,129.48,47834490,126.12,129.82,125.4,AMZN
2022-09-06,126.11,43888590,127.92,128.62,124.74,AMZN
2022-09-02,127.51,57429830,129.5,131.38,126.39,AMZN
2022-09-01,127.82,56636150,126.0,128.02,123.66,AMZN
2022-08-31,126.77,53648700,129.45,130.59,126.74,AMZN
2022-08-30,128.73,49202990,131.25,132.0745,126.85,AMZN
2022-08-29,129.79,48101640,129.9,131.9499,128.77,AMZN
2022-08-26,130.75,53322660,136.55,137.83,130.5,AMZN
2022-08-25,137.28,37496280,135.26,137.42,134.28,AMZN
2022-08-24,133.8,38626980,132.75,135.47,132.1,AMZN
2022-08-23,133.62,36252100,133.41,134.99,132.95,AMZN
2022-08-22,133.22,50461500,135.72,136.32,132.85,AMZN
2022-08-19,138.23,47792840,140.47,141.11,137.9142,AMZN
2022-08-18,142.3,37458740,141.32,142.77,140.38,AMZN
2022-08-17,142.1,48149780,142.69,143.38,140.78,AMZN
2022-08-16,144.78,59102860,143.905,146.57,142.0,AMZN
2022-08-15,143.18,39014580,142.8,143.76,141.49,AMZN
2022-08-12,143.55,47643480,142.05,143.57,140.1201,AMZN
2022-08-11,140.64,44867340,143.86,144.49,139.76,AMZN
2022-08-10,142.69,54773820,142.9,144.6,141.01,AMZN
2022-08-09,137.83,40434720,138.052,138.9523,136.21,AMZN
2022-08-08,139.41,52303480,142.05,144.23,138.29,AMZN
2022-08-05,140.8,50686870,140.1,142.86,139.6,AMZN
2022-08-04,142.57,70585020,140.58,143.56,139.55,AMZN
2022-08-03,139.52,71827780,136.21,140.49,136.05,AMZN
2022-08-02,134.16,61922430,134.72,137.44,134.09,AMZN
2022-08-01,135.39,76846910,134.96,138.8339,133.51,AMZN
2022-07-29,134.95,148892900,134.9,137.65,132.41,AMZN
2022-07-28,122.28,82245540,121.57,122.84,118.08,AMZN
2022-07-27,120.97,61582020,117.31,121.9,117.16,AMZN
2022-07-26,114.81,67075060,115.79,118.15,114.53,AMZN
2022-07-25,121.14,50221260,122.695,123.64,120.03,AMZN
2022-07-22,122.42,51463800,125.01,125.5,121.3504,AMZN
2022-07-21,124.63,60239890,123.2,124.85,121.26,AMZN
2022-07-20,122.77,71268320,118.615,123.475,118.32,AMZN
2022-07-19,118.21,60990040,115.7,118.95,114.03,AMZN
2022-07-18,113.76,59115420,115.0,117.24,113.15,AMZN
2022-07-15,113.55,84317820,112.5,115.59,111.59,AMZN
2022-07-14,110.63,51163140,110.24,111.18,107.58,AMZN
2022-07-13,110.4,61353810,107.03,111.78,106.01,AMZN
2022-07-12,109.22,54280260,112.16,113.23,108.34,AMZN
2022-07-11,111.75,53540020,114.08,114.3,110.87,AMZN
2022-07-08,115.54,45719690,114.6,116.58,113.69,AMZN
2022-07-07,116.33,57872320,113.85,116.99,113.49,AMZN
2022-07-06,114.33,66958880,113.21,115.48,112.01,AMZN
2022-07-05,113.5,76684410,107.6,114.08,106.3242,AMZN
2022-07-01,109.56,73021170,106.29,109.75,105.8469,AMZN
2022-06-30,106.21,97679400,108.11,108.18,102.52,AMZN
2022-06-29,108.92,66375340,107.38,110.99,106.91,AMZN
2022-06-28,107.4,75172030,113.5,114.85,107.04,AMZN
2022-06-27,113.22,62133240,117.09,117.98,112.7,AMZN
2022-06-24,116.46,69867620,112.38,116.71,111.43,AMZN
2022-06-23,112.44,64345300,110.39,113.0,107.93,AMZN
2022-06-22,108.95,60040130,107.43,112.13,107.02,AMZN
2022-06-21,108.68,70901250,108.2,111.6299,103.56,AMZN
2022-06-17,106.22,99772150,102.8,106.98,102.51,AMZN
2022-06-16,103.66,82186300,104.47,104.58,102.01,AMZN
2022-06-15,107.67,85011060,103.86,109.06,103.53,AMZN
2022-06-14,102.31,69728760,104.19,104.88,101.43,AMZN
2022-06-13,103.67,99277740,104.19,106.54,101.86,AMZN
2022-06-10,109.65,87412250,113.415,114.5,109.05,AMZN
2022-06-09,116.15,67029840,119.99,121.3,116.1,AMZN
2022-06-08,121.18,64926590,122.61,123.75,120.75,AMZN
2022-06-07,123.0,85156710,122.005,124.1,120.63,AMZN
2022-06-06,124.79,135269000,125.245,128.99,123.81,AMZN
2022-06-03,122.35,97603320,124.2,124.4,121.0465,AMZN
2022-06-02,125.511,100560680,121.684,125.61,120.045,AMZN
2022-06-01,121.684,127528980,122.256,125.179,120.6223,AMZN
2022-05-31,120.2095,144634160,116.28,121.9945,115.675,AMZN
2022-05-27,115.1465,93660160,113.55,115.187,112.628,AMZN
2022-05-26,111.0775,93002600,107.97,112.6655,107.4535,AMZN
2022-05-25,106.775,93120100,103.6555,108.175,103.65,AMZN
2022-05-24,104.1,102934680,104.025,105.4,101.26,AMZN
2022-05-23,107.557,107797360,108.461,108.8188,103.95,AMZN
2022-05-20,107.591,99500640,109.5685,109.898,105.0093,AMZN
2022-05-19,107.319,88142540,106.2805,110.034,106.1929,AMZN
2022-05-18,107.1125,108379180,111.4395,112.853,106.2488,AMZN
2022-05-17,115.3685,76447740,113.275,115.8,111.2765,AMZN
2022-05-16,110.8105,74565740,113.1,113.9925,110.3541,AMZN
2022-05-13,113.055,93684560,109.069,113.184,107.8,AMZN
2022-05-12,106.9305,132025140,102.75,110.7808,102.4055,AMZN
2022-05-11,105.372,109703640,108.1035,110.156,104.4285,AMZN
2022-05-10,108.859,105433820,111.25,112.6425,107.171,AMZN
2022-05-09,108.789,128124380,111.3125,114.0,107.957,AMZN
2022-05-06,114.7725,124259900,114.85,119.0505,113.0813,AMZN
2022-05-05,116.407,144391220,123.0,123.499,115.0725,AMZN
2022-05-04,125.9285,110745360,123.6,126.0,119.183,AMZN
2022-05-03,124.2535,79133360,124.0535,126.2205,122.825,AMZN
2022-05-02,124.5,148788980,122.401,124.6683,118.375,AMZN
2022-04-29,124.2815,272661800,129.849,130.761,121.625,AMZN
2022-04-28,144.5965,117316940,142.178,145.9375,140.3,AMZN
2022-04-27,138.167,71336300,140.1915,141.9485,135.7835,AMZN
2022-04-26,139.391,77529160,144.8,144.8558,138.9295,AMZN
2022-04-25,146.074,61874980,144.023,146.2215,142.3065,AMZN
2023-04-21,63.48,10102650,62.18,63.57,62.02,SQ
2023-04-20,62.36,9367809,61.72,62.915,61.54,SQ
2023-04-19,62.87,13775720,63.0,63.51,61.43,SQ
2023-04-18,63.9,9487486,64.8,65.15,63.845,SQ
2023-04-17,64.19,10833110,63.82,64.359,63.11,SQ
2023-04-14,64.04,12061510,64.3,65.47,63.69,SQ
2023-04-13,64.56,12875850,63.29,65.62,63.2,SQ
2023-04-12,62.74,15733670,67.28,67.62,62.6,SQ
2023-04-11,66.42,11471390,67.05,67.89,65.76,SQ
2023-04-10,66.36,11598890,66.33,66.8,65.47,SQ
2023-04-06,68.1,11359780,66.8,69.03,66.16,SQ
2023-04-05,67.66,11586730,67.215,68.24,66.62,SQ
2023-04-04,68.84,15229030,68.26,69.74,67.67,SQ
2023-04-03,67.83,16969840,67.6,68.3899,65.805,SQ
2023-03-31,68.65,17878470,68.59,70.32,68.05,SQ
2023-03-30,68.49,21097690,68.99,70.53,67.79,SQ
2023-03-29,66.49,17574590,64.805,67.21,64.56,SQ
2023-03-28,63.76,17257750,64.0,65.85,63.5,SQ
2023-03-27,64.4,33436720,62.46,65.11,61.55,SQ
2023-03-24,60.68,48994430,59.75,61.57,59.1,SQ
2023-03-23,61.88,140313900,60.0,65.75,56.5,SQ
2023-03-22,72.65,17616520,77.15,77.15,72.61,SQ
2023-03-21,77.46,10458730,75.84,77.97,75.72,SQ
2023-03-20,74.5,10704490,73.39,75.64,72.69,SQ
2023-03-17,73.98,9756165,74.945,75.23,73.09,SQ
2023-03-16,75.09,11457630,76.12,76.5,73.81,SQ
2023-03-15,74.07,9832228,72.44,74.14,71.67,SQ
2023-03-14,73.63,13136710,71.675,73.86,71.4,SQ
2023-03-13,69.46,14357360,70.0,71.1,67.25,SQ
2023-03-10,71.01,18383060,70.61,73.58,68.47,SQ
2023-03-09,73.8,12475190,77.82,79.6199,73.5,SQ
2023-03-08,77.95,8610498,77.97,78.69,75.83,SQ
2023-03-07,78.04,8082827,80.48,81.4,77.93,SQ
2023-03-06,80.81,10328560,81.4,83.08,80.29,SQ
2023-03-03,80.88,11059710,78.67,81.13,77.65,SQ
2023-03-02,78.04,10129930,75.44,78.59,74.545,SQ
2023-03-01,76.63,10075860,76.31,76.73,74.65,SQ
2023-02-28,76.73,13187270,75.33,78.02,74.52,SQ
2023-02-27,75.14,18197370,77.29,77.73,74.86,SQ
2023-02-24,77.36,43473240,77.47,78.02,73.52,SQ
2023-02-23,74.15,22855160,74.27,74.89,71.84,SQ
2023-02-22,72.94,10562070,72.72,73.68,71.8,SQ
2023-02-21,71.95,7855159,73.09,74.49,71.92,SQ
2023-02-17,75.02,11261640,76.97,77.03,74.17,SQ
2023-02-16,78.63,9541478,80.27,81.33,78.5,SQ
2023-02-15,82.69,10122900,78.7,82.7,78.53,SQ
2023-02-14,78.8,9780864,76.04,79.45,75.55,SQ
2023-02-13,76.82,9590469,75.51,77.5684,74.74,SQ
2023-02-10,75.23,11274090,75.1,76.0105,74.14,SQ
2023-02-09,76.18,17350900,81.35,82.08,75.6,SQ
2023-02-08,81.13,7213392,82.9,84.29,81.12,SQ
2023-02-07,83.18,9804479,82.08,83.855,80.66,SQ
2023-02-06,82.55,8593510,82.69,83.699,81.3101,SQ
2023-02-03,84.71,12679110,84.9,87.98,84.25,SQ
2023-02-02,88.41,13349940,86.8,89.97,86.22,SQ
2023-02-01,83.9,11087230,82.07,84.755,80.06,SQ
2023-01-31,81.72,8801934,80.88,82.32,80.2,SQ
2023-01-30,79.79,10482650,81.93,83.24,79.64,SQ
2023-01-27,83.83,15424750,80.69,85.5,80.67,SQ
2023-01-26,81.19,13296810,83.03,83.91,78.3207,SQ
2023-01-25,80.77,17119360,77.0,81.04,74.7701,SQ
2023-01-24,80.79,12152070,80.16,82.73,79.51,SQ
2023-01-23,81.66,16814100,76.84,81.67,76.72,SQ
2023-01-20,76.16,12798400,71.7,76.19,71.04,SQ
2023-01-19,70.94,12051330,70.8,71.79,69.235,SQ
2023-01-18,72.11,12147230,75.29,76.22,72.07,SQ
2023-01-17,75.1,14314410,72.36,75.21,71.73,SQ
2023-01-13,71.65,9344663,69.81,71.99,69.51,SQ
2023-01-12,71.8,11852610,71.88,72.11,68.11,SQ
2023-01-11,71.67,9034285,70.96,71.89,70.02,SQ
2023-01-10,70.03,9056284,68.675,70.19,67.66,SQ
2023-01-09,69.06,12987640,69.7,70.61,68.44,SQ
2023-01-06,68.99,15529610,65.28,69.5,63.36,SQ
2023-01-05,64.71,11336180,64.85,65.56,63.0194,SQ
2023-01-04,66.3,11749530,65.79,68.12,64.78,SQ
2023-01-03,64.64,16416490,66.3,67.5,62.5022,SQ
2022-12-30,62.84,8014416,61.05,63.1,60.8,SQ
2022-12-29,62.92,9995107,60.0,63.47,59.9,SQ
2022-12-28,59.08,7563243,59.0,60.24,58.4,SQ
2022-12-27,59.86,8572400,60.205,61.06,58.34,SQ
2022-12-23,60.89,7281818,59.875,60.94,58.82,SQ
2022-12-22,60.59,9740178,61.2,61.2,58.62,SQ
2022-12-21,62.58,7847515,61.74,63.33,60.63,SQ
2022-12-20,61.41,8766456,59.34,61.87,58.9,SQ
2022-12-19,60.44,9310081,62.24,62.4,59.985,SQ
2022-12-16,62.51,18776800,64.98,65.17,60.71,SQ
2022-12-15,65.89,9277797,68.49,69.35,65.43,SQ
2022-12-14,71.25,10557750,71.07,72.47,69.64,SQ
2022-12-13,71.03,15385200,70.37,72.37,68.8,SQ
2022-12-12,66.2,9126607,63.79,66.7132,63.36,SQ
2022-12-09,64.6,8418142,63.1,65.83,63.1,SQ
2022-12-08,63.37,7849752,61.6,63.6997,60.5,SQ
2022-12-07,61.07,8734791,60.83,61.85,59.6248,SQ
2022-12-06,61.3,9408919,63.12,63.8787,60.2,SQ
2022-12-05,63.14,12610910,67.4,67.86,62.4,SQ
2022-12-02,68.18,7721112,67.27,68.94,66.6201,SQ
2022-12-01,69.17,9429975,68.02,69.24,66.66,SQ
2022-11-30,67.77,14298550,62.1,68.0,61.852,SQ
2022-11-29,62.11,8219903,62.07,63.89,61.73,SQ
2022-11-28,61.37,7250649,61.91,63.83,61.12,SQ
2022-11-25,63.38,4168804,63.99,63.99,62.5093,SQ
2022-11-23,63.92,8189976,62.64,64.26,61.92,SQ
2022-11-22,62.72,9000536,61.53,63.07,60.1,SQ
2022-11-21,61.85,12252700,64.6,64.94,60.8,SQ
2022-11-18,65.82,9734572,69.04,69.32,65.135,SQ
2022-11-17,67.99,9264381,67.02,68.92,66.29,SQ
2022-11-16,69.55,11779560,71.63,72.92,68.615,SQ
2022-11-15,73.38,13335420,74.77,75.77,72.02,SQ
2022-11-14,70.27,11823310,70.25,72.35,69.44,SQ
2022-11-11,71.66,21128130,65.09,72.43,64.37,SQ
2022-11-10,67.4,28630310,63.09,68.5852,63.09,SQ
2022-11-09,57.21,18952050,60.395,60.48,57.09,SQ
2022-11-08,62.51,26565390,63.19,65.8,60.16,SQ
2022-11-07,62.67,22867910,62.17,64.75,61.37,SQ
2022-11-04,60.11,44563440,60.35,63.7,57.66,SQ
2022-11-03,53.91,20802140,53.4,55.0999,51.34,SQ
2022-11-02,54.64,15357910,58.64,59.56,54.51,SQ
2022-11-01,59.0,12013890,62.28,62.83,58.625,SQ
2022-10-31,60.07,10545330,61.25,61.94,59.87,SQ
2022-10-28,61.29,10612190,59.61,61.325,58.77,SQ
2022-10-27,60.26,9601777,60.23,61.93,59.52,SQ
2022-10-26,59.47,12565070,58.24,62.48,57.97,SQ
2022-10-25,59.66,12990550,56.96,60.32,56.96,SQ
2022-10-24,56.99,12593780,55.62,57.71,53.97,SQ
2022-10-21,55.99,13987720,54.0,56.33,52.34,SQ
2022-10-20,55.18,12554760,53.95,57.64,53.66,SQ
2022-10-19,53.94,13618100,56.55,56.55,53.49,SQ
2022-10-18,57.27,15248880,58.93,59.74,55.51,SQ
2022-10-17,55.92,15378350,53.6,56.77,53.35,SQ
2022-10-14,51.51,16298550,57.0,58.28,51.45,SQ
2022-10-13,56.23,18321770,53.03,56.5912,51.89,SQ
2022-10-12,56.14,16651660,53.59,56.5499,52.43,SQ
2022-10-11,53.45,18196180,56.22,56.3389,52.67,SQ
2022-10-10,56.62,9657384,57.42,57.88,55.52,SQ
2022-10-07,57.41,11231980,59.86,60.45,56.89,SQ
2022-10-06,61.93,8298383,61.79,63.44,61.29,SQ
2022-10-05,62.15,10667420,60.7,62.71,59.89,SQ
2022-10-04,62.41,22480770,58.275,63.14,58.15,SQ
2022-10-03,55.78,15202980,55.15,56.53,53.71,SQ
2022-09-30,54.99,13401330,55.62,58.02,54.89,SQ
2022-09-29,55.9,13288800,57.48,57.48,55.34,SQ
2022-09-28,59.07,14669530,55.06,59.24,54.87,SQ
2022-09-27,55.08,11592910,55.55,56.85,53.9,SQ
2022-09-26,54.14,12472970,56.22,57.74,54.13,SQ
2022-09-23,56.27,14897650,55.0,56.98,54.43,SQ
2022-09-22,55.93,20936990,58.47,58.98,55.02,SQ
2022-09-21,59.45,14568710,61.36,63.51,59.45,SQ
2022-09-20,61.47,13407660,62.97,63.699,61.4,SQ
2022-09-19,63.71,13219550,64.3,65.2,63.01,SQ
2022-09-16,64.89,15775340,67.09,67.165,64.75,SQ
2022-09-15,69.18,18009060,66.44,71.55,66.44,SQ
2022-09-14,68.56,19270230,66.7,68.71,65.6001,SQ
2022-09-13,69.58,12943150,70.07,71.375,69.25,SQ
2022-09-12,75.25,10257400,75.21,76.7135,73.91,SQ
2022-09-09,74.29,12335790,71.62,74.73,71.62,SQ
2022-09-08,70.59,9406282,66.18,70.63,65.93,SQ
2022-09-07,67.82,10955510,65.38,67.94,64.6,SQ
2022-09-06,65.3,12852730,66.06,66.38,63.65,SQ
2022-09-02,66.33,12389860,69.83,70.07,65.9,SQ
2022-09-01,68.75,11949630,67.43,68.785,65.03,SQ
2022-08-31,68.91,10039230,70.59,71.7524,68.41,SQ
2022-08-30,69.05,11902020,68.6,70.13,66.69,SQ
2022-08-29,67.75,9590860,67.59,69.99,67.34,SQ
2022-08-26,68.87,13750150,74.32,74.35,68.76,SQ
2022-08-25,74.63,8979232,73.15,74.77,72.11,SQ
2022-08-24,72.62,9751396,71.54,74.64,71.37,SQ
2022-08-23,70.94,12146500,72.52,74.21,70.85,SQ
2022-08-22,73.01,13297430,72.37,75.52,71.33,SQ
2022-08-19,74.36,13024120,77.4,77.88,73.8802,SQ
2022-08-18,79.72,11799700,80.44,80.55,78.27,SQ
2022-08-17,80.33,15368530,83.53,84.44,79.93,SQ
2022-08-16,85.88,12197980,86.23,87.1,82.07,SQ
2022-08-15,86.72,9905151,87.72,89.1937,86.02,SQ
2022-08-12,87.95,10433160,88.01,88.63,85.01,SQ
2022-08-11,85.99,15075910,90.87,92.1,85.36,SQ
2022-08-10,88.84,16527760,86.76,89.03,84.42,SQ
2022-08-09,81.13,13286960,84.18,84.87,79.95,SQ
2022-08-08,85.5,19001540,88.05,91.8,84.87,SQ
2022-08-05,87.73,31022630,83.65,93.1899,82.8776,SQ
2022-08-04,89.7,22719350,88.15,90.67,86.83,SQ
2022-08-03,88.07,26179540,81.03,88.83,80.7,SQ
2022-08-02,79.09,12648890,76.62,80.77,76.36,SQ
2022-08-01,77.81,11563080,75.48,79.05,74.45,SQ
2022-07-29,76.06,10554320,73.23,76.09,72.725,SQ
2022-07-28,74.68,11281580,73.04,75.16,70.51,SQ
2022-07-27,72.76,13865450,68.46,72.94,67.6,SQ
2022-07-26,66.39,10924140,69.09,69.23,65.9,SQ
2022-07-25,71.43,9267746,72.04,72.47,69.6,SQ
2022-07-22,71.8,12130130,74.66,76.44,70.96,SQ
2022-07-21,74.76,14683040,73.31,75.17,72.17,SQ
2022-07-20,74.78,18594280,70.0,75.24,69.22,SQ
2022-07-19,69.25,16120430,66.94,69.3076,64.265,SQ
2022-07-18,66.27,14204950,67.88,69.5899,65.83,SQ
2022-07-15,65.98,12267150,64.19,66.04,62.7001,SQ
2022-07-14,62.42,11377080,63.27,63.75,61.0396,SQ
2022-07-13,64.15,13548750,62.2,65.61,60.82,SQ
2022-07-12,65.03,14386650,63.96,66.5364,63.13,SQ
2022-07-11,63.23,11151340,66.15,66.88,63.05,SQ
2022-07-08,67.02,16403240,66.8,68.97,64.75,SQ
2022-07-07,68.63,13885200,65.13,69.58,64.51,SQ
2022-07-06,64.97,11788090,66.6,68.47,64.28,SQ
2022-07-05,66.73,14514960,61.84,66.91,60.35,SQ
2022-07-01,63.9,15218060,61.95,65.14,61.86,SQ
2022-06-30,61.46,16793050,62.75,63.0,59.08,SQ
2022-06-29,63.84,13450900,64.77,65.722,62.41,SQ
2022-06-28,65.6,14808180,69.1,70.2,64.81,SQ
2022-06-27,69.43,14687430,70.79,71.75,66.95,SQ
2022-06-24,71.0,23357170,68.22,71.01,66.83,SQ
2022-06-23,67.27,23240170,61.41,67.63,60.8,SQ
2022-06-22,60.65,15109400,59.43,62.88,59.24,SQ
2022-06-21,60.52,17100120,59.72,62.6136,59.45,SQ
2022-06-17,58.51,21814810,56.21,59.45,56.01,SQ
2022-06-16,57.51,22705170,60.42,61.14,56.723,SQ
2022-06-15,62.91,24356710,61.17,64.4269,60.47,SQ
2022-06-14,60.3,23258520,63.52,63.69,59.4501,SQ
2022-06-13,62.76,26455820,66.16,68.78,62.5,SQ
2022-06-10,71.87,21307190,75.86,76.24,70.23,SQ
2022-06-09,76.58,19630720,84.63,84.96,76.49,SQ
2022-06-08,84.75,12757330,84.6,87.55,83.87,SQ
2022-06-07,84.6,14313260,81.88,85.2,80.25,SQ
2022-06-06,83.38,13972740,84.86,87.09,81.95,SQ
2022-06-03,83.1,13965950,85.36,86.67,82.66,SQ
2022-06-02,87.44,19120030,81.52,88.8485,81.4,SQ
2022-06-01,81.91,20519250,87.35,89.2109,81.3531,SQ
2022-05-31,87.51,19307160,90.0,90.6,85.8,SQ
2022-05-27,90.52,19837500,84.29,90.99,83.5,SQ
2022-05-26,83.41,16587510,75.57,83.86,74.76,SQ
2022-05-25,77.95,17738160,75.8,78.95,74.31,SQ
2022-05-24,75.88,20583920,81.4,81.62,74.16,SQ
2022-05-23,83.4,19684110,83.82,84.15,79.05,SQ
2022-05-20,83.44,22714330,88.01,90.25,78.8924,SQ
2022-05-19,87.14,24086920,82.9,89.9191,82.085,SQ
2022-05-18,82.06,24811370,82.73,89.0962,81.48,SQ
2022-05-17,84.79,21675560,82.5,85.56,78.88,SQ
2022-05-16,79.7,18879570,82.27,84.69,79.31,SQ
2022-05-13,84.15,28356480,80.37,85.23,80.13,SQ
2022-05-12,75.76,35208120,68.79,78.14,65.1,SQ
2022-05-11,71.22,39549290,82.97,85.1499,70.33,SQ
2022-05-10,84.39,25789590,87.29,91.465,80.39,SQ
2022-05-09,83.86,31319610,93.06,93.9685,80.82,SQ
2022-05-06,96.19,36801940,98.67,98.68,88.5567,SQ
2022-05-05,95.55,22914530,103.51,104.14,93.12,SQ
2022-05-04,106.79,25333850,102.25,107.21,93.65,SQ
2022-05-03,102.33,14675910,104.16,108.0,100.48,SQ
2022-05-02,105.86,14661670,98.3,105.97,97.27,SQ
2022-04-29,99.54,13448820,103.64,110.4398,99.32,SQ
2022-04-28,104.64,16650910,101.54,106.0,97.39,SQ
2022-04-27,99.93,14308630,98.68,103.9682,98.07,SQ
2022-04-26,100.47,12854540,105.643,105.643,99.8254,SQ
2022-04-25,107.38,14059480,101.8701,108.3,101.8701,SQ
2023-04-21,285.76,21562760,285.01,286.27,283.0608,MSFT
2023-04-20,286.11,23244360,285.25,289.03,285.08,MSFT
2023-04-19,288.45,17150270,285.99,289.05,284.54,MSFT
2023-04-18,288.37,20161850,291.57,291.755,287.01,MSFT
2023-04-17,288.8,23836220,289.93,291.6,286.16,MSFT
2023-04-14,286.14,20987920,287.0,288.48,283.69,MSFT
2023-04-13,289.84,24222680,283.59,289.9,283.17,MSFT
2023-04-12,283.49,27403430,284.79,287.01,281.96,MSFT
2023-04-11,282.83,27276590,285.75,285.98,281.64,MSFT
2023-04-10,289.39,23102990,289.208,289.6,284.71,MSFT
2023-04-06,291.6,29770330,283.21,292.08,282.03,MSFT
2023-04-05,284.34,22064770,285.85,287.15,282.92,MSFT
2023-04-04,287.18,25824300,287.23,290.4499,285.67,MSFT
2023-04-03,287.23,24883340,286.52,288.27,283.95,MSFT
2023-03-31,288.3,32765980,283.73,289.27,283.0,MSFT
2023-03-30,284.05,25053410,284.23,284.46,281.48,MSFT
2023-03-29,280.51,25087030,278.96,281.1398,278.41,MSFT
2023-03-28,275.23,21878650,275.79,276.14,272.0451,MSFT
2023-03-27,276.38,26840210,280.5,281.4589,275.52,MSFT
2023-03-24,280.57,28199960,277.24,280.63,275.28,MSFT
2023-03-23,277.66,36610880,277.94,281.06,275.2,MSFT
2023-03-22,272.29,34873330,273.4,281.04,272.18,MSFT
2023-03-21,273.78,34558700,274.88,275.0,269.5191,MSFT
2023-03-20,272.23,43466650,276.98,277.48,269.85,MSFT
2023-03-17,279.43,69527370,278.26,283.33,276.3201,MSFT
2023-03-16,276.2,54832140,265.205,276.56,263.28,MSFT
2023-03-15,265.44,46028050,259.98,266.48,259.21,MSFT
2023-03-14,260.79,33620290,256.75,261.07,255.86,MSFT
2023-03-13,253.92,33339720,247.4,257.91,245.73,MSFT
2023-03-10,248.59,28333930,251.08,252.79,247.6,MSFT
2023-03-09,252.32,26653390,255.82,259.56,251.58,MSFT
2023-03-08,253.7,17340220,254.04,254.5417,250.81,MSFT
2023-03-07,254.15,21473180,256.3,257.69,253.39,MSFT
2023-03-06,256.87,24109850,256.425,260.12,255.98,MSFT
2023-03-03,255.29,30760140,252.19,255.62,251.39,MSFT
2023-03-02,251.11,24833650,246.55,251.4,245.61,MSFT
2023-03-01,246.27,27565260,250.76,250.93,245.79,MSFT
2023-02-28,249.42,22490950,249.07,251.49,248.73,MSFT
2023-02-27,250.16,21190040,252.46,252.82,249.39,MSFT
2023-02-24,249.22,24990910,249.96,251.0,248.1,MSFT
2023-02-23,254.77,29219100,255.56,256.84,250.48,MSFT
2023-02-22,251.51,22491060,254.09,254.34,250.34,MSFT
2023-02-21,252.67,28397440,254.48,255.49,251.59,MSFT
2023-02-17,258.06,30000060,259.39,260.09,256.0,MSFT
2023-02-16,262.15,29603620,264.02,266.74,261.9,MSFT
2023-02-15,269.32,28962160,268.32,270.73,266.18,MSFT
2023-02-14,272.17,37047920,272.67,274.97,269.28,MSFT
2023-02-13,271.32,44630920,267.64,274.6,267.15,MSFT
2023-02-10,263.1,25818490,261.53,264.09,260.662,MSFT
2023-02-09,263.62,42375100,273.8,273.98,262.8,MSFT
2023-02-08,266.73,54686050,273.2,276.76,266.21,MSFT
2023-02-07,267.56,50841370,260.53,268.775,260.08,MSFT
2023-02-06,256.77,22518000,257.44,258.3,254.78,MSFT
2023-02-03,258.35,29077260,259.542,264.2,257.1,MSFT
2023-02-02,264.6,39940440,258.82,264.69,257.25,MSFT
2023-02-01,252.75,31259910,248.0,255.18,245.47,MSFT
2023-01-31,247.81,26541070,243.45,247.95,242.945,MSFT
2023-01-30,242.71,25867370,244.51,245.6,242.2,MSFT
2023-01-27,248.16,26498940,248.99,249.83,246.83,MSFT
2023-01-26,248.0,33454490,243.65,248.31,242.0,MSFT
2023-01-25,240.61,66526640,234.48,243.3,230.9,MSFT
2023-01-24,242.04,40234440,242.5,243.95,240.44,MSFT
2023-01-23,242.58,31933950,241.1,245.165,239.65,MSFT
2023-01-20,240.22,35389810,234.855,240.74,234.51,MSFT
2023-01-19,231.93,28623030,233.78,235.52,230.68,MSFT
2023-01-18,235.81,30028690,241.565,242.38,235.52,MSFT
2023-01-17,240.35,29831260,237.97,240.91,237.09,MSFT
2023-01-13,239.23,21333270,237.002,239.37,234.92,MSFT
2023-01-12,238.51,27269490,235.26,239.9,233.56,MSFT
2023-01-11,235.77,28669330,231.29,235.95,231.11,MSFT
2023-01-10,228.85,27033880,227.755,231.31,227.33,MSFT
2023-01-09,227.12,27369780,226.45,231.2366,226.41,MSFT
2023-01-06,224.93,43613570,223.0,225.7601,219.35,MSFT
2023-01-05,222.31,39585620,227.2,227.55,221.7602,MSFT
2023-01-04,229.1,50623390,232.275,232.87,225.96,MSFT
2023-01-03,239.58,25740040,243.08,245.75,237.4,MSFT
2022-12-30,239.82,21938470,238.21,239.96,236.66,MSFT
2022-12-29,241.01,19770690,235.65,241.92,235.65,MSFT
2022-12-28,234.53,17457100,236.89,239.72,234.17,MSFT
2022-12-27,236.96,16688650,238.7,238.93,235.83,MSFT
2022-12-23,238.73,21206980,236.11,238.87,233.9428,MSFT
2022-12-22,238.19,28651660,241.255,241.99,233.87,MSFT
2022-12-21,244.43,23690610,241.69,245.615,240.11,MSFT
2022-12-20,241.8,25150800,239.4,242.91,238.42,MSFT
2022-12-19,240.45,29696440,244.86,245.21,238.71,MSFT
2022-12-16,244.69,86101990,248.55,249.84,243.51,MSFT
2022-12-15,249.01,35568090,253.72,254.2,247.34,MSFT
2022-12-14,257.22,35410930,257.13,262.588,254.31,MSFT
2022-12-13,256.92,42196880,261.69,263.915,253.07,MSFT
2022-12-12,252.51,30665070,247.445,252.54,247.17,MSFT
2022-12-09,245.42,20609740,244.695,248.31,244.16,MSFT
2022-12-08,247.4,22611760,244.84,248.74,243.06,MSFT
2022-12-07,244.37,20481520,244.83,246.16,242.205,MSFT
2022-12-06,245.12,22463730,250.82,251.86,243.78,MSFT
2022-12-05,250.2,23435290,252.01,253.819,248.06,MSFT
2022-12-02,255.02,21528520,249.82,256.06,249.69,MSFT
2022-12-01,254.69,26041520,253.87,256.12,250.9156,MSFT
2022-11-30,255.14,47594240,240.57,255.33,239.86,MSFT
2022-11-29,240.33,17956310,241.4,242.79,238.21,MSFT
2022-11-28,241.76,24810270,246.08,246.65,240.8,MSFT
2022-11-25,247.49,9200772,247.31,248.7,246.73,MSFT
2022-11-23,247.58,19508460,245.105,248.28,244.27,MSFT
2022-11-22,245.03,19665700,243.59,245.31,240.71,MSFT
2022-11-21,242.05,26394700,241.43,244.67,241.19,MSFT
2022-11-18,241.22,27613520,243.51,243.74,239.03,MSFT
2022-11-17,241.68,23123540,237.78,243.25,237.63,MSFT
2022-11-16,241.73,24093270,242.79,243.8,240.42,MSFT
2022-11-15,241.97,31390120,245.66,247.0,240.03,MSFT
2022-11-14,241.55,31123340,241.985,243.91,239.21,MSFT
2022-11-11,247.11,34620250,242.99,247.99,241.93,MSFT
2022-11-10,242.98,46268020,235.43,243.33,235.0,MSFT
2022-11-09,224.51,27852910,227.37,228.6327,224.33,MSFT
2022-11-08,228.87,28192550,228.7,231.65,225.84,MSFT
2022-11-07,227.87,33497980,221.99,228.41,221.28,MSFT
2022-11-04,221.39,36789060,217.55,221.59,213.431,MSFT
2022-11-03,214.25,36633920,220.09,220.41,213.98,MSFT
2022-11-02,220.1,38407010,229.46,231.3,220.04,MSFT
2022-11-01,228.17,30592270,234.6,235.74,227.325,MSFT
2022-10-31,232.13,28357270,233.76,234.92,231.15,MSFT
2022-10-28,235.87,40647720,226.24,236.6,226.05,MSFT
2022-10-27,226.75,40424650,231.04,233.69,225.78,MSFT
2022-10-26,231.32,82684850,231.17,238.3,230.06,MSFT
2022-10-25,250.66,34775510,247.26,251.04,245.83,MSFT
2022-10-24,247.25,24911210,243.76,247.84,241.295,MSFT
2022-10-21,242.12,26299730,234.74,243.0,234.5,MSFT
2022-10-20,236.15,21811020,235.77,241.31,234.87,MSFT
2022-10-19,236.48,19985700,237.04,239.61,234.29,MSFT
2022-10-18,238.5,26329590,243.24,243.93,235.37,MSFT
2022-10-17,237.53,28142270,235.82,238.96,235.135,MSFT
2022-10-14,228.56,30198590,235.54,237.24,228.34,MSFT
2022-10-13,234.24,42551820,219.85,236.1,219.13,MSFT
2022-10-12,225.75,21903940,225.4,227.86,223.96,MSFT
2022-10-11,225.41,30473950,227.62,229.06,224.11,MSFT
2022-10-10,229.25,29743610,233.05,234.559,226.73,MSFT
2022-10-07,234.24,37769600,240.902,241.32,233.17,MSFT
2022-10-06,246.79,20239890,247.93,250.34,246.08,MSFT
2022-10-05,249.2,20347140,245.99,250.58,244.1,MSFT
2022-10-04,248.88,34888420,245.09,250.36,244.975,MSFT
2022-10-03,240.74,28880360,235.41,241.61,234.66,MSFT
2022-09-30,232.9,35694830,238.29,240.54,232.73,MSFT
2022-09-29,237.5,27484230,238.89,239.95,234.41,MSFT
2022-09-28,241.07,29029680,236.81,242.33,234.73,MSFT
2022-09-27,236.41,27018730,239.98,241.8,234.5,MSFT
2022-09-26,237.45,27694190,237.045,241.45,236.9,MSFT
2022-09-23,237.92,34176050,239.54,241.13,235.2,MSFT
2022-09-22,240.98,31061160,237.87,243.86,237.57,MSFT
2022-09-21,238.95,28625560,244.27,247.66,238.9,MSFT
2022-09-20,242.45,26660300,242.065,243.51,239.64,MSFT
2022-09-19,244.52,26826930,242.465,245.14,240.85,MSFT
2022-09-16,244.74,39791770,244.26,245.3,242.0627,MSFT
2022-09-15,245.38,31530950,249.77,251.4,244.02,MSFT
2022-09-14,252.22,23912950,253.53,254.23,249.86,MSFT
2022-09-13,251.99,33353320,258.84,260.4,251.59,MSFT
2022-09-12,266.65,18747690,265.78,267.45,265.16,MSFT
2022-09-09,264.46,22093190,260.5,265.23,260.29,MSFT
2022-09-08,258.52,20319910,257.51,260.43,254.79,MSFT
2022-09-07,258.09,24126700,254.7,258.83,253.22,MSFT
2022-09-06,253.25,21328240,256.2,257.83,251.94,MSFT
2022-09-02,256.06,22855380,261.695,264.74,254.47,MSFT
2022-09-01,260.4,23263430,258.87,260.89,255.41,MSFT
2022-08-31,261.47,24791830,265.39,267.11,261.33,MSFT
2022-08-30,262.97,22767070,266.67,267.05,260.66,MSFT
2022-08-29,265.23,20338540,265.85,267.4,263.85,MSFT
2022-08-26,268.09,27549310,279.08,280.34,267.98,MSFT
2022-08-25,278.85,16583410,277.33,279.02,274.52,MSFT
2022-08-24,275.79,18137020,275.41,277.23,275.11,MSFT
2022-08-23,276.44,17527410,276.44,278.86,275.4,MSFT
2022-08-22,277.75,25061070,282.08,282.46,277.22,MSFT
2022-08-19,286.15,20570030,288.9,289.25,285.56,MSFT
2022-08-18,290.17,17186190,290.189,291.91,289.08,MSFT
2022-08-17,291.32,18253360,289.74,293.35,289.47,MSFT
2022-08-16,292.71,18102880,291.99,294.04,290.42,MSFT
2022-08-15,293.47,18085650,291.0,294.18,290.11,MSFT
2022-08-12,291.91,22619680,288.48,291.91,286.94,MSFT
2022-08-11,287.02,20065940,290.85,291.21,286.51,MSFT
2022-08-10,289.16,24687850,288.17,289.81,286.94,MSFT
2022-08-09,282.3,23405240,279.64,283.08,277.61,MSFT
2022-08-08,280.32,18757820,284.05,285.92,279.32,MSFT
2022-08-05,282.91,16774610,279.15,283.65,278.68,MSFT
2022-08-04,283.65,18098670,281.8,283.8,280.1677,MSFT
2022-08-03,282.47,23518870,276.76,283.5,276.61,MSFT
2022-08-02,274.82,22754180,276.0,277.89,272.38,MSFT
2022-08-01,278.01,21539580,277.82,281.28,275.84,MSFT
2022-07-29,280.74,32152750,277.7,282.0,276.63,MSFT
2022-07-28,276.41,33459330,269.75,277.84,267.87,MSFT
2022-07-27,268.74,45994050,261.16,270.05,258.85,MSFT
2022-07-26,251.9,39347960,259.86,259.88,249.57,MSFT
2022-07-25,258.83,21056000,260.995,261.5,256.81,MSFT
2022-07-22,260.36,21881290,265.24,265.33,259.07,MSFT
2022-07-21,264.84,22404680,259.79,264.89,257.03,MSFT
2022-07-20,262.27,22788280,259.9,264.87,258.91,MSFT
2022-07-19,259.53,25012560,257.575,259.72,253.68,MSFT
2022-07-18,254.25,20975030,259.75,260.84,253.3,MSFT
2022-07-15,256.72,29774050,255.72,260.3699,254.7727,MSFT
2022-07-14,254.08,25102820,250.57,255.1374,245.94,MSFT
2022-07-13,252.72,29497420,250.19,253.55,248.11,MSFT
2022-07-12,253.67,35868450,265.88,265.94,252.04,MSFT
2022-07-11,264.51,19519110,265.65,266.53,262.18,MSFT
2022-07-08,267.66,19658750,264.79,268.1,263.285,MSFT
2022-07-07,268.4,20859870,265.12,269.055,265.02,MSFT
2022-07-06,266.21,23824420,263.75,267.99,262.4,MSFT
2022-07-05,262.85,22971630,256.16,262.98,254.74,MSFT
2022-07-01,259.58,22837690,256.39,259.77,254.61,MSFT
2022-06-30,256.83,31730870,257.05,259.53,252.9,MSFT
2022-06-29,260.26,20069840,257.59,261.97,255.76,MSFT
2022-06-28,256.48,27380250,263.98,266.91,256.32,MSFT
2022-06-27,264.89,24615110,268.205,268.3,263.28,MSFT
2022-06-24,267.7,33923230,261.808,267.98,261.72,MSFT
2022-06-23,258.86,25861450,255.57,259.37,253.63,MSFT
2022-06-22,253.13,25961220,251.89,257.17,250.37,MSFT
2022-06-21,253.74,29928300,250.255,254.75,249.51,MSFT
2022-06-17,247.65,43084780,244.7,250.5,244.03,MSFT
2022-06-16,244.97,33169160,245.98,247.4174,243.02,MSFT
2022-06-15,251.76,33111730,248.31,255.3,246.42,MSFT
2022-06-14,244.49,28651490,243.86,245.74,241.51,MSFT
2022-06-13,242.26,46135790,245.11,249.0242,241.53,MSFT
2022-06-10,252.99,31445840,260.58,260.58,252.53,MSFT
2022-06-09,264.79,26439730,267.78,272.7081,264.63,MSFT
2022-06-08,270.41,17372340,271.71,273.0,269.61,MSFT
2022-06-07,272.5,22860680,266.635,273.13,265.94,MSFT
2022-06-06,268.75,22400340,272.06,274.18,267.22,MSFT
2022-06-03,270.02,28058960,270.31,273.45,268.41,MSFT
2022-06-02,274.58,44008210,264.45,274.65,261.6,MSFT
2022-06-01,272.42,25292170,275.195,277.69,270.04,MSFT
2022-05-31,271.87,37827700,272.53,274.77,268.93,MSFT
2022-05-27,273.24,26910810,268.48,273.34,267.56,MSFT
2022-05-26,265.9,25002110,262.27,267.11,261.4294,MSFT
2022-05-25,262.52,28547950,258.14,264.58,257.125,MSFT
2022-05-24,259.62,29043900,257.89,261.33,253.5,MSFT
2022-05-23,260.65,33175380,255.49,261.5,253.43,MSFT
2022-05-20,252.56,39199280,257.24,258.54,246.44,MSFT
2022-05-19,253.14,32692290,253.9,257.67,251.88,MSFT
2022-05-18,254.08,31355990,263.0,263.6,252.77,MSFT
2022-05-17,266.82,28828800,266.11,268.33,262.46,MSFT
2022-05-16,261.5,32550930,259.955,265.82,255.78,MSFT
2022-05-13,261.12,34925090,257.35,263.04,255.35,MSFT
2022-05-12,255.35,51033800,257.69,259.88,250.02,MSFT
2022-05-11,260.55,48975900,265.68,271.36,259.3,MSFT
2022-05-10,269.5,39336420,271.69,273.75,265.07,MSFT
2022-05-09,264.58,47725950,270.06,272.36,263.32,MSFT
2022-05-06,274.73,37780320,274.805,279.25,271.27,MSFT
2022-05-05,277.35,43260390,285.54,286.35,274.34,MSFT
2022-05-04,289.98,33599320,282.59,290.88,276.73,MSFT
2022-05-03,281.78,25978610,283.96,284.13,280.15,MSFT
2022-05-02,284.47,35151110,277.71,284.94,276.22,MSFT
2022-04-29,277.52,37073920,288.61,289.88,276.5,MSFT
2022-04-28,289.63,33646570,285.185,290.98,281.4562,MSFT
2022-04-27,283.22,63477690,282.1,290.97,279.16,MSFT
2022-04-26,270.22,46518450,277.5,278.3599,270.0,MSFT
2022-04-25,280.72,35678850,273.29,281.11,270.77,MSFT
2023-04-21,165.02,58023690,165.05,166.4521,164.49,AAPL
2023-04-20,166.65,52456380,166.09,167.87,165.56,AAPL
2023-04-19,167.63,47720170,165.8,168.16,165.54,AAPL
2023-04-18,166.47,49923010,166.1,167.41,165.65,AAPL
2023-04-17,165.23,41516220,165.09,165.39,164.03,AAPL
2023-04-14,165.21,49386480,164.59,166.32,163.82,AAPL
2023-04-13,165.56,68445650,161.63,165.8,161.42,AAPL
2023-04-12,160.1,50133060,161.22,162.06,159.78,AAPL
2023-04-11,160.8,47644220,162.35,162.36,160.51,AAPL
2023-04-10,162.03,47716880,161.42,162.03,160.08,AAPL
2023-04-06,164.66,45390120,162.43,164.9584,162.0,AAPL
2023-04-05,163.76,51511740,164.74,165.05,161.8,AAPL
2023-04-04,165.63,46278300,166.595,166.84,165.11,AAPL
2023-04-03,166.17,56976190,164.27,166.29,164.22,AAPL
2023-03-31,164.9,68749790,162.44,165.0,161.91,AAPL
2023-03-30,162.36,49501690,161.53,162.47,161.271,AAPL
2023-03-29,160.77,51305690,159.37,161.05,159.35,AAPL
2023-03-28,157.65,45992150,157.97,158.49,155.98,AAPL
2023-03-27,158.28,52390270,159.94,160.77,157.87,AAPL
2023-03-24,160.25,59256340,158.86,160.34,157.85,AAPL
2023-03-23,158.93,67622060,158.83,161.5501,157.68,AAPL
2023-03-22,157.83,75701810,159.3,162.14,157.81,AAPL
2023-03-21,159.28,73938290,157.32,159.4,156.54,AAPL
2023-03-20,157.4,73641420,155.07,157.82,154.15,AAPL
2023-03-17,155.0,98944630,156.08,156.74,154.28,AAPL
2023-03-16,155.85,76254420,152.16,156.46,151.64,AAPL
2023-03-15,152.99,77167870,151.19,153.245,149.92,AAPL
2023-03-14,152.59,73695890,151.28,153.4,150.1,AAPL
2023-03-13,150.47,84457120,147.805,153.14,147.7,AAPL
2023-03-10,148.5,68572400,150.21,150.94,147.6096,AAPL
2023-03-09,150.59,53833580,153.559,154.535,150.225,AAPL
2023-03-08,152.87,47204790,152.81,153.47,151.83,AAPL
2023-03-07,151.6,56182030,153.7,154.0299,151.13,AAPL
2023-03-06,153.83,87558030,153.785,156.3,153.46,AAPL
2023-03-03,151.03,70732300,148.045,151.11,147.33,AAPL
2023-03-02,145.91,52279760,144.38,146.71,143.9,AAPL
2023-03-01,145.31,55478990,146.83,147.2285,145.01,AAPL
2023-02-28,147.41,50547000,147.05,149.08,146.83,AAPL
2023-02-27,147.92,44998470,147.71,149.17,147.45,AAPL
2023-02-24,146.71,55469610,147.11,147.19,145.7202,AAPL
2023-02-23,149.4,48394250,150.09,150.34,147.24,AAPL
2023-02-22,148.91,51011310,148.87,149.95,147.16,AAPL
2023-02-21,148.48,58867230,150.2,151.3,148.405,AAPL
2023-02-17,152.55,59144120,152.35,153.0,150.85,AAPL
2023-02-16,153.71,68167940,153.51,156.33,153.3475,AAPL
2023-02-15,155.33,65669250,153.11,155.5,152.88,AAPL
2023-02-14,153.2,61707570,152.12,153.77,150.86,AAPL
2023-02-13,153.85,62199010,150.952,154.26,150.92,AAPL
2023-02-10,151.01,57450710,149.46,151.3401,149.22,AAPL
2023-02-09,150.87,56007140,153.775,154.33,150.42,AAPL
2023-02-08,151.92,64120080,153.88,154.58,151.168,AAPL
2023-02-07,154.65,83322550,150.64,155.23,150.64,AAPL
2023-02-06,151.73,69858310,152.575,153.1,150.78,AAPL
2023-02-03,154.5,154357300,148.03,157.38,147.83,AAPL
2023-02-02,150.82,118339000,148.9,151.18,148.17,AAPL
2023-02-01,145.43,77663630,143.97,146.61,141.32,AAPL
2023-01-31,144.29,65874460,142.7,144.34,142.28,AAPL
2023-01-30,143.0,64015270,144.955,145.55,142.85,AAPL
2023-01-27,145.93,70555840,143.155,147.23,143.08,AAPL
2023-01-26,143.96,54105070,143.17,144.25,141.9,AAPL
2023-01-25,141.86,65799350,140.89,142.43,138.81,AAPL
2023-01-24,142.53,66435140,140.305,143.16,140.3,AAPL
2023-01-23,141.11,81760310,138.12,143.315,137.9,AAPL
2023-01-20,137.87,80223630,135.28,138.02,134.22,AAPL
2023-01-19,135.27,58280410,134.08,136.25,133.77,AAPL
2023-01-18,135.21,69672800,136.815,138.61,135.03,AAPL
2023-01-17,135.94,63646630,134.83,137.29,134.13,AAPL
2023-01-13,134.76,57809720,132.03,134.92,131.66,AAPL
2023-01-12,133.41,71379650,133.88,134.26,131.44,AAPL
2023-01-11,133.49,69458950,131.25,133.51,130.46,AAPL
2023-01-10,130.73,63896160,130.26,131.2636,128.12,AAPL
2023-01-09,130.15,70790810,130.465,133.41,129.89,AAPL
2023-01-06,129.62,87754720,126.01,130.29,124.89,AAPL
2023-01-05,125.02,80962710,127.13,127.77,124.76,AAPL
2023-01-04,126.36,89113630,126.89,128.6557,125.08,AAPL
2023-01-03,125.07,112117500,130.28,130.9,124.17,AAPL
2022-12-30,129.93,77034210,128.41,129.95,127.43,AAPL
2022-12-29,129.61,75703710,127.99,130.4814,127.73,AAPL
2022-12-28,126.04,85438390,129.67,131.0275,125.87,AAPL
2022-12-27,130.03,69007830,131.38,131.41,128.72,AAPL
2022-12-23,131.86,63814890,130.92,132.415,129.64,AAPL
2022-12-22,132.23,77852110,134.352,134.56,130.3,AAPL
2022-12-21,135.45,85927990,132.98,136.81,132.75,AAPL
2022-12-20,132.3,77432820,131.39,133.25,129.89,AAPL
2022-12-19,132.37,79592610,135.11,135.2,131.32,AAPL
2022-12-16,134.51,160156900,136.685,137.65,133.73,AAPL
2022-12-15,136.5,98931910,141.11,141.8,136.025,AAPL
2022-12-14,143.21,82291180,145.35,146.655,141.16,AAPL
2022-12-13,145.47,93886160,149.5,149.9692,144.24,AAPL
2022-12-12,144.49,70462650,142.7,144.5,141.06,AAPL
2022-12-09,142.16,76097010,142.34,145.57,140.9,AAPL
2022-12-08,142.65,62128340,142.36,143.52,141.1,AAPL
2022-12-07,140.94,69721090,142.19,143.37,140.0,AAPL
2022-12-06,142.91,64727190,147.075,147.3,141.92,AAPL
2022-12-05,146.63,68826440,147.77,150.9199,145.77,AAPL
2022-12-02,147.81,65447450,145.96,148.0,145.65,AAPL
2022-12-01,148.31,71250420,148.21,149.13,146.61,AAPL
2022-11-30,148.03,111380900,141.395,148.72,140.55,AAPL
2022-11-29,141.17,83763800,144.29,144.81,140.355,AAPL
2022-11-28,144.22,69346520,145.14,146.64,143.38,AAPL
2022-11-25,148.11,35195860,148.305,148.88,147.12,AAPL
2022-11-23,151.07,58301400,149.45,151.83,149.34,AAPL
2022-11-22,150.18,51804130,148.13,150.42,146.925,AAPL
2022-11-21,148.01,58724070,150.16,150.37,147.715,AAPL
2022-11-18,151.29,74829570,152.305,152.7,149.97,AAPL
2022-11-17,150.72,80389400,146.43,151.48,146.15,AAPL
2022-11-16,148.79,64218270,149.13,149.87,147.29,AAPL
2022-11-15,150.04,89868330,152.215,153.59,148.5613,AAPL
2022-11-14,148.28,73374110,148.97,150.28,147.43,AAPL
2022-11-11,149.7,93979670,145.82,150.01,144.37,AAPL
2022-11-10,146.87,118854000,141.24,146.87,139.5,AAPL
2022-11-09,134.87,74917790,138.5,138.55,134.5933,AAPL
2022-11-08,139.5,89908480,140.41,141.43,137.49,AAPL
2022-11-07,138.92,83374630,137.11,139.145,135.671,AAPL
2022-11-04,138.38,140814800,142.09,142.67,134.38,AAPL
2022-11-03,138.88,97918520,142.06,142.8,138.75,AAPL
2022-11-02,145.03,93604620,148.945,152.17,145.0,AAPL
2022-11-01,150.65,80379350,155.08,155.45,149.13,AAPL
2022-10-31,153.34,97943170,153.155,154.24,151.92,AAPL
2022-10-28,155.74,164762400,148.2,157.5,147.82,AAPL
2022-10-27,144.8,109180200,148.07,149.046,144.13,AAPL
2022-10-26,149.35,88436170,150.96,151.99,148.04,AAPL
2022-10-25,152.34,74732290,150.09,152.49,149.36,AAPL
2022-10-24,149.45,75981920,147.185,150.23,146.0,AAPL
2022-10-21,147.27,86548610,142.87,147.8479,142.649,AAPL
2022-10-20,143.39,64521990,143.02,145.89,142.65,AAPL
2022-10-19,143.86,61758340,141.69,144.9492,141.5,AAPL
2022-10-18,143.75,99136610,145.49,146.7,140.61,AAPL
2022-10-17,142.41,85250940,141.065,142.9,140.27,AAPL
2022-10-14,138.38,88597970,144.31,144.52,138.19,AAPL
2022-10-13,142.99,113224000,134.99,143.59,134.37,AAPL
2022-10-12,138.34,70433740,139.13,140.36,138.16,AAPL
2022-10-11,138.98,77033670,139.9,141.35,138.22,AAPL
2022-10-10,140.42,74899000,140.42,141.89,138.5729,AAPL
2022-10-07,140.09,85925560,142.54,143.1,139.445,AAPL
2022-10-06,145.43,68402170,145.81,147.54,145.22,AAPL
2022-10-05,146.4,79470970,144.075,147.38,143.01,AAPL
2022-10-04,146.1,87830060,145.03,146.22,144.26,AAPL
2022-10-03,142.45,114311700,138.21,143.07,137.685,AAPL
2022-09-30,138.2,124925300,141.28,143.1,138.0,AAPL
2022-09-29,142.48,128138200,146.1,146.72,140.68,AAPL
2022-09-28,149.84,146691400,147.64,150.6414,144.84,AAPL
2022-09-27,151.76,84442740,152.74,154.72,149.945,AAPL
2022-09-26,150.77,93339410,149.66,153.7701,149.64,AAPL
2022-09-23,150.43,96029910,151.19,151.47,148.56,AAPL
2022-09-22,152.74,86652540,152.38,154.47,150.91,AAPL
2022-09-21,153.72,101696800,157.34,158.74,153.6,AAPL
2022-09-20,156.9,107689800,153.4,158.08,153.08,AAPL
2022-09-19,154.48,81474250,149.31,154.56,149.1,AAPL
2022-09-16,150.7,162278800,151.21,151.35,148.37,AAPL
2022-09-15,152.37,90481110,154.65,155.24,151.38,AAPL
2022-09-14,155.31,87965410,154.785,157.1,153.6106,AAPL
2022-09-13,153.84,122656600,159.9,160.54,153.37,AAPL
2022-09-12,163.43,104956000,159.59,164.26,159.3,AAPL
2022-09-09,157.37,68081010,155.47,157.82,154.75,AAPL
2022-09-08,154.46,84923850,154.64,156.36,152.68,AAPL
2022-09-07,155.96,87449570,154.825,156.67,153.61,AAPL
2022-09-06,154.53,73714840,156.47,157.09,153.69,AAPL
2022-09-02,155.81,76957770,159.75,160.362,154.965,AAPL
2022-09-01,157.96,74229900,156.64,158.42,154.67,AAPL
2022-08-31,157.22,87991090,160.305,160.58,157.14,AAPL
2022-08-30,158.91,77906200,162.13,162.56,157.72,AAPL
2022-08-29,161.38,73313950,161.145,162.9,159.82,AAPL
2022-08-26,163.62,78960980,170.57,171.05,163.56,AAPL
2022-08-25,170.03,51218210,168.78,170.14,168.35,AAPL
2022-08-24,167.53,53841520,167.32,168.11,166.245,AAPL
2022-08-23,167.23,54147080,167.08,168.71,166.65,AAPL
2022-08-22,167.57,69026810,169.69,169.86,167.135,AAPL
2022-08-19,171.52,70346300,173.03,173.74,171.3101,AAPL
2022-08-18,174.15,62290080,173.75,174.9,173.12,AAPL
2022-08-17,174.55,79542040,172.77,176.15,172.57,AAPL
2022-08-16,173.03,56377050,172.78,173.71,171.6618,AAPL
2022-08-15,173.19,54091690,171.52,173.39,171.345,AAPL
2022-08-12,172.1,68039380,169.82,172.17,169.4,AAPL
2022-08-11,168.49,57149160,170.06,170.99,168.19,AAPL
2022-08-10,169.24,70170540,167.68,169.34,166.9,AAPL
2022-08-09,164.92,63135500,164.02,165.82,163.25,AAPL
2022-08-08,164.87,60362340,166.37,167.81,164.2,AAPL
2022-08-05,165.35,56696990,163.21,165.85,163.0,AAPL
2022-08-04,165.81,55474140,166.005,167.19,164.43,AAPL
2022-08-03,166.13,82507490,160.84,166.59,160.75,AAPL
2022-08-02,160.01,59907030,160.1,162.41,159.63,AAPL
2022-08-01,161.51,67829380,161.01,163.59,160.89,AAPL
2022-07-29,162.51,101786900,161.24,163.63,159.5,AAPL
2022-07-28,157.35,81378730,156.98,157.64,154.41,AAPL
2022-07-27,156.79,78620690,152.58,157.33,152.16,AAPL
2022-07-26,151.6,55138690,152.265,153.085,150.8,AAPL
2022-07-25,152.95,53623950,154.01,155.04,152.28,AAPL
2022-07-22,154.09,66675410,155.39,156.28,153.41,AAPL
2022-07-21,155.35,65086640,154.5,155.57,151.94,AAPL
2022-07-20,153.04,64823410,151.12,153.72,150.37,AAPL
2022-07-19,151.0,82982370,147.92,151.23,146.91,AAPL
2022-07-18,147.07,81420870,150.74,151.57,146.7,AAPL
2022-07-15,150.17,76259930,149.78,150.86,148.2,AAPL
2022-07-14,148.47,78140740,144.08,148.95,143.25,AAPL
2022-07-13,145.49,71185560,142.99,146.45,142.1201,AAPL
2022-07-12,145.86,77588760,145.76,148.45,145.05,AAPL
2022-07-11,144.87,63305110,145.67,146.64,143.78,AAPL
2022-07-08,147.04,64547800,145.265,147.55,145.0,AAPL
2022-07-07,146.35,66253710,143.29,146.55,143.28,AAPL
2022-07-06,142.92,74064250,141.355,144.12,141.08,AAPL
2022-07-05,141.56,73429640,137.77,141.61,136.93,AAPL
2022-07-01,138.93,71051550,136.04,139.04,135.66,AAPL
2022-06-30,136.72,98964470,137.25,138.37,133.7737,AAPL
2022-06-29,139.23,66242410,137.46,140.67,136.67,AAPL
2022-06-28,137.44,67315330,142.13,143.422,137.325,AAPL
2022-06-27,141.66,70207910,142.695,143.49,140.965,AAPL
2022-06-24,141.66,89116840,139.9,141.91,139.77,AAPL
2022-06-23,138.27,72433770,136.82,138.59,135.63,AAPL
2022-06-22,135.35,73409230,134.79,137.76,133.91,AAPL
2022-06-21,135.87,81000490,133.42,137.06,133.32,AAPL
2022-06-17,131.56,134520300,130.065,133.079,129.81,AAPL
2022-06-16,130.06,107961500,132.08,132.39,129.04,AAPL
2022-06-15,135.43,91532970,134.29,137.34,132.16,AAPL
2022-06-14,132.76,84784330,133.13,133.89,131.48,AAPL
2022-06-13,131.88,122207100,132.87,135.2,131.44,AAPL
2022-06-10,137.13,91566640,140.28,140.76,137.06,AAPL
2022-06-09,142.64,69472980,147.08,147.95,142.53,AAPL
2022-06-08,147.96,53950200,148.58,149.8697,147.46,AAPL
2022-06-07,148.71,67808150,144.345,149.0,144.1,AAPL
2022-06-06,146.14,71598380,147.03,148.5689,144.9,AAPL
2022-06-03,145.38,88570290,146.9,147.97,144.46,AAPL
2022-06-02,151.21,72348060,147.83,151.27,146.86,AAPL
2022-06-01,148.71,74286640,149.9,151.74,147.68,AAPL
2022-05-31,148.84,103718400,149.07,150.66,146.84,AAPL
2022-05-27,149.64,90978500,145.39,149.68,145.26,AAPL
2022-05-26,143.78,90601550,137.39,144.34,137.14,AAPL
2022-05-25,140.52,92482700,138.43,141.785,138.34,AAPL
2022-05-24,140.36,104132700,140.805,141.97,137.33,AAPL
2022-05-23,143.11,117726300,137.79,143.26,137.65,AAPL
2022-05-20,137.59,137426100,139.09,140.7,132.61,AAPL
2022-05-19,137.35,136095600,139.88,141.66,136.6,AAPL
2022-05-18,140.82,109742900,146.85,147.3601,139.9,AAPL
2022-05-17,149.24,78336250,148.86,149.77,146.68,AAPL
2022-05-16,145.54,86643780,145.55,147.5199,144.18,AAPL
2022-05-13,147.11,113990900,144.59,148.105,143.11,AAPL
2022-05-12,142.56,182602000,142.77,146.2,138.8,AAPL
2022-05-11,146.5,142689800,153.5,155.45,145.81,AAPL
2022-05-10,154.51,115366700,155.52,156.74,152.93,AAPL
2022-05-09,152.06,131577900,154.925,155.83,151.49,AAPL
2022-05-06,157.28,116124600,156.01,159.44,154.18,AAPL
2022-05-05,156.77,130525300,163.85,164.08,154.95,AAPL
2022-05-04,166.02,108256500,159.67,166.48,159.26,AAPL
2022-05-03,159.48,88966530,158.15,160.71,156.32,AAPL
2022-05-02,157.96,123055300,156.71,158.23,153.27,AAPL
2022-04-29,157.65,131747600,161.84,166.2,157.25,AAPL
2022-04-28,163.64,130216800,159.25,164.515,158.93,AAPL
2022-04-27,156.57,88063190,155.91,159.79,155.38,AAPL
2022-04-26,156.8,95623240,162.25,162.34,156.72,AAPL
2022-04-25,162.88,96046380,161.12,163.17,158.46,AAPL
